{
    "deploy_env": {
        "cmd_release": [
            "bundle exec rake config:deploy",
            "bundle exec rails assets:precompile"
        ],
        "processes": {
            "web": "bundle exec rails server"
        },
        "listening_ports": {
            "web": [3000]
        },
        "max_ram": {
            "web": 500
        },
        "admin_tasks": {
        },
        "deploy_tasks": [
            "web"
        ]
    },
    "config_schema": {
        "type": "object",
        "properties": {
            "API_WHITELISTED_APP_UUIDS": {
                "type": "string"
            },
            "REDIS_URL": {
                "type": "string"
            },
            "SANDMAN_HOST": {
                "type": "string"
            },
            "MAUTH_URL": {
                "type": "string"
            },
            "MAUTH_APP_UUID": {
                "type": "string"
            },
            "PRIVATE_KEY": {
                "type": "string"
            },
            "EUREKA_URL": {
                "type": "string"
            },
            "EUREKA_STAGE": {
                "type": "string"
            },
            "EUREKA_DEPLOYMENT_BASEURI": {
                "type": "string"
            },
            "ENTITYSTORE": {
                "type": "string"
            },
            "METASTORE": {
                "type": "string"
            },
            "DOMAIN": {
                "type": "string"
            },
            "NEWRELIC_KEY": {
                "type": "string"
            },
            "ENABLE_NEWRELIC": {
                "type": "string"
            },
            "ENABLE_UI_UPDATES": {
                "type": "string"
            },
            "SECRET_KEY_BASE": {
                "type": "string"
            },
            "DISABLE_FALLBACK_TO_V1_ON_V2_FAILURE": {
                "type": "boolean",
                "description": "Disable falling back to authentication with mauth v1 when authentication with v2 fails"
            },
            "V1_ONLY_SIGN_REQUESTS": {
                "type": "boolean",
                "description": "Flag to indicate whether to only sign with mauth v1 or sign with both v1 and v2"
            },
            "V2_ONLY_AUTHENTICATE": {
                "type": "boolean",
                "description": "Flag to indicate whether to only accept mauth v2 signatures or accept either v1 or v2"
            },
            "V2_ONLY_SIGN_REQUESTS": {
                "type": "boolean",
                "description": "Flag to indicate whether to only sign with mauth v2 or sign with both v1 and v2"
            }
        },
        "required": [
            "API_WHITELISTED_APP_UUIDS",
            "REDIS_URL",
            "SANDMAN_HOST",
            "MAUTH_URL",
            "MAUTH_APP_UUID",
            "PRIVATE_KEY",
            "EUREKA_URL",
            "EUREKA_STAGE",
            "EUREKA_DEPLOYMENT_BASEURI",
            "ENTITYSTORE",
            "METASTORE",
            "DOMAIN",
            "NEWRELIC_KEY",
            "ENABLE_NEWRELIC",
            "ENABLE_UI_UPDATES",
            "SECRET_KEY_BASE"
        ]
    }
}
